Name,Type,Rating,Distance_km
Wild Wisteria Cafe & Restaurant,cafe,4.8,6.21
AMA Cafe | Rajpur Road,cafe,4.8,11.24
Café De Piccolo,cafe,4.4,11.6
Friends on Table - 'The Garden Cafe',cafe,4.6,5.73
Slake Cafe - Best Italian Restaurant in Dehradun | Best Cafe in Dehradun | Best Cafe - Best Coffee Shop Old Rajpur Road Doon,cafe,4.8,11.58
The Valley Cafe,cafe,4.3,6.4
PG Cafe,cafe,4.8,6.23
Farzi Café Dehradun – Rooftop Dining Where Flavour Meets the Sky,cafe,4.4,13.22
Tavaasa Cafe,cafe,4.3,9.02
Yellow Hills Uttarakhandi and Multi Cuisine Restaurant,cafe,4.4,3.0
Townscape Rooftop Restaurant,cafe,4.6,3.19
Tapri - The Teafe,cafe,4.2,6.72
Go Dutch Café & Restaurant,cafe,4.3,6.57
The Porch,cafe,4.5,6.33
Cafex,cafe,4.9,8.29
Chainsoo Cafe & Kitchen - Best Cafe Near Graphic Era University Clement Town,cafe,4.9,6.87
Tamtara Cafe,cafe,4.3,11.74
Froth&Bubbles Cafe,cafe,4.6,6.47
Richy Rich Cafe,cafe,4.7,6.31
Yellow Marigold Experience Studio and House Cafe,cafe,4.7,5.63
The Moksha Cafe,cafe,4.7,6.59
THE URBAN PENDU CAFE,cafe,4.3,6.95
JENNY'S one-stop Cafe,cafe,4.7,6.78
Lime Light Cafe,cafe,4.7,6.26
Dropoutengineers cafe & restaurant,cafe,4.7,6.45
Tree Cafe Restaurant | Restaurant in Dehradun,cafe,3.9,6.63
The Penthouse Bar | Cafe | Sky Lounge,cafe,4.5,7.08
Cafe' Greek Orchid,cafe,4.1,6.23
Caffein's Pocket cafe,cafe,3.9,6.55
Pinewood Café & Kitchen,cafe,4.5,6.33
Maatea Cafe,cafe,4.9,7.66
AMA Cafe | Mall of Dehradun,cafe,4.9,1.9
Just Cafe,cafe,4.2,6.14
DESII VIDDESHI CAFE,cafe,4.5,6.76
Maulyar BookCafe,cafe,4.9,7.85
Cafe By Mistakes,cafe,4.7,6.91
MUSEE Art Café,cafe,4.3,12.09
Nothing Before Coffee (NBC),cafe,4.6,8.08
Hungry Hobbit Coffe House,cafe,4,6.94
Cafe Junk Dehradun,cafe,4.1,6.5
Wild Flower Sky Lounge & Dine in,cafe,4.6,16.02
RISING BREW CAFE,cafe,4.9,2.17
First Gear Cafe,cafe,4.1,15.63
Yours cafe,cafe,4.2,7.16
Y Cafe & Restaurant - Best Café in Dehradun,cafe,4.1,6.33
Pop's Cafe,cafe,5,8.0
The white House cafe,cafe,4.9,6.01
Eddie's Patisserie & Café,cafe,4.4,7.34
Rumours,cafe,4.5,10.58
Chai Sutta Bar Graphic Era University,cafe,4.3,6.65
The CAFE,cafe,4.5,8.55
TONIC - The Open Natural Informal Cafe,cafe,4.2,7.96
Kia Ora- Best Cafe in Dehradun | Aesthetic Cafe | Coffee Shop,cafe,4.9,7.48
Al Fresco Open Air Café,cafe,4.6,8.32
The Swings Cafe - A Family Restaurant & Bar,cafe,4.5,10.8
The Royal Cafe & Restro,cafe,4.8,6.47
Chhaya Cafe,cafe,4.2,14.01
Cafe Lychee Tree,cafe,4.5,3.25
The Art Cafe,cafe,4.6,14.53
Aristella Cafe and Bar,cafe,4.7,13.63
Dehradun Zoo,tourist attraction,4.2,13.14
Shikhar Falls Rispna tributori,tourist attraction,4.4,15.97
Raja Ji Tiger Reserve,tourist attraction,4.2,7.35
Subir Raha Oil Museum,tourist attraction,4.5,7.87
Hidden paradise,tourist attraction,4.2,12.38
Sura Devi Temple,tourist attraction,4.6,12.87
Sahastradhara Ropeway,tourist attraction,4.2,14.14
Gandhi Park,tourist attraction,4.1,6.32
Chandrabani Temple,tourist attraction,4.4,7.69
Tapkeshwar Mahadev Mandir,tourist attraction,4.7,10.45
Parade Ground,tourist attraction,4.1,5.96
Khalanga War Memorial,tourist attraction,4.5,8.51
Regional Science Center (RSC) Dehradun,tourist attraction,4.4,15.31
Kaali Ghati,tourist attraction,4.7,11.79
Fun 'N' Food Kingdom,tourist attraction,3.8,13.06
Silviculture Museum,tourist attraction,4.5,10.2
Vedic Sadhna Ashram Tapovan,tourist attraction,4.3,6.84
Kedarkantha Trek From Dehradun,tourist attraction,4.3,3.58
Sahastradhara,tourist attraction,4.3,5.73
Mindrolling Monastery,tourist attraction,4.6,6.39
Shiv Mandir,tourist attraction,4.6,15.24
Zonal Anthropological Museum,tourist attraction,4.1,9.56
Mussoorie diversion,tourist attraction,4.5,11.11
KALUNGR ( KHALANGA) MEMORIAL,tourist attraction,4.1,7.15
Freedom fighters statue,tourist attraction,4.8,6.22
Sahastradhara Natural Spring,tourist attraction,4.3,14.37
Jhanda Sahib Talab,tourist attraction,4.8,6.03
MounTreks - Dil Hai Pahadi,tourist attraction,4.1,5.28
Maldevta raipur road,tourist attraction,4.6,5.08
MDDA Park,tourist attraction,4,13.48
A Big SimbalTree,tourist attraction,4.2,8.55
Maldevta Picnic Spot,tourist attraction,4.4,10.38
Wildlife Institute Lake,tourist attraction,4.3,8.67
Harapul,tourist attraction,3.1,1.7
Ghuchupani chok Anarwala Dehradun,tourist attraction,4.2,10.87
Tea estate (chai bagan),tourist attraction,4.7,8.62
Clock tower chat wali gali dehradun,tourist attraction,2.7,13.0
Buddha Garden,tourist attraction,4.2,6.54
Shivalay Cafe,tourist attraction,4.3,15.56
Shaurya Sthal War Memorial,tourist attraction,4.6,8.75
FRI Museum Dehradun,tourist attraction,4.6,10.26
Waterfall Maldevta,tourist attraction,4.3,10.12
Tiger Fall,tourist attraction,4.5,50.73
Largest Dehradun Wall Art by DSA & Smart City honoring Indian Scientists,tourist attraction,4.9,6.23
The Fun Valley,tourist attraction,3.7,18.08
Dehradun Railway Station,tourist attraction,4.3,5.08
Sunset Point,tourist attraction,4.4,6.57
View Point Vilaspur Kandli,tourist attraction,4.3,11.23
Lachhiwala Nature Park,tourist attraction,4,10.15
Virasat Fair,tourist attraction,4.3,8.8
APEX TO HIMALAYAS,tourist attraction,4.9,6.12
Indira Market Dehradun,tourist attraction,4,6.14
Dinesh Chowk,tourist attraction,4,14.56
Sakya Centre Buddhist Monastery,tourist attraction,4.5,12.1
Rajaji National Park,tourist attraction,4.3,29.84
Kali Temple Rajpur Road,tourist attraction,4.3,12.87
Anand Van,tourist attraction,4.2,16.39
Thakur Chowk,tourist attraction,4,2.32
Atal Udhyan Mussoorie,tourist attraction,4.2,21.0
Panchbati  Dr Balbir Singh Sahitya Kendra,tourist attraction,4.3,4.15
FRI Dehradun,museum,4.6,10.12
K Dev Bhoomi Wax Museum,museum,3.7,21.07
SOHAM Himalayan Centre,museum,4.6,19.68
Mussoorie Heritage Centre,museum,4.5,20.46
Survey of India Museum,museum,0.0,5.77
Pathology Museum,museum,3,10.17
Tribal Research Institute and tribal museumDehradun,museum,4.4,2.19
Uttara Museum of Contemporary Art (UMCA),museum,4.7,6.11
FRI forest research Institute,museum,4.6,9.6
Entomology Museum,museum,4.2,10.08
Himalayan Cultural Center Uttarakhand,museum,4.5,10.42
Saheed Smarak Dehradun,museum,4,5.32
Old Tehri City Model,museum,4.4,8.74
Satabdi Van Vighyan Kendra Dehradun,museum,0.0,5.92
Auditorium and Museum,museum,3.8,10.43
Aadhvan Art Gallery,museum,3.8,9.89
NWFP Museum,museum,5,10.11
Social Forestry,museum,4.5,10.22
VR GAME,museum,5,6.08
Tanmay HOME,museum,3,7.88
Bhuyiyan Raja Panchayati Mandir,museum,4.7,4.31
Children's Park,park,4,7.91
MDDA Park,park,3.7,1.58
Park vidhya vihar,park,3.9,4.55
Cantonment Board Park,park,4.1,5.49
OLD NEHRU COLONY PARK,park,4.3,3.5
Sardar Patel Park,park,4.1,6.18
Swami Vivekananda Park,park,3.8,11.75
Kalingan Park,park,4.2,7.16
Pt. Deen Dayal Upadyay Park,park,3.7,5.83
Ekta Park,park,3.8,7.99
Rajpur Road park,park,3.8,9.58
Malsi Reserved Forest,park,4.2,12.77
Defence Colony Park,park,3.9,1.3
Indira Nagar Park,park,3.9,7.97
Tea Garden,park,4.3,11.55
Lachchhiwala Park,park,4.1,9.74
Fun Park - DDZ,park,4.4,13.11
Deer Park Malsi,park,4.2,13.15
Om city park,park,4.5,4.32
City forest Dehradun,park,4.4,11.69
Gungthang Tsultrim Memorial Park,park,3.9,6.61
Joyland,park,3.8,14.13
Birpur Cantt Park,park,4.4,10.95
Keshav Enclave Park State Bank Colony,park,4,7.49
Choudhary niwas,park,5,6.08
Siddharth Vihar park,park,3.6,8.06
MDDA Park and Garden,park,3.6,3.28
Chironwali Jal Sanrakhshan Park,park,4.1,8.47
The Great Arc Park,park,4.2,8.19
Park 1,park,4,6.94
Park Shanti Vihar,park,3.8,2.51
Park no. 2,park,3.7,7.16
Park No. 6,park,3.8,8.7
Shri Rampuram Children's Park,park,3.8,7.18
Park,park,4.1,8.43
Nehru Colony D block Park,park,4.2,3.3
Durga Mall Park,park,4.1,9.38
Sailok 2nd Park phase-2,park,4.3,7.17
Priyalok colony ph 1 park,park,3.7,6.76
Type 3 Park,park,3.9,3.75
platinum jubilee park,park,4.2,4.0
Park 3,park,3.9,7.27
PMC,park,4,6.58
Tikona Park,park,3.7,1.64
Sailok Phase 2 - Park 3,park,4.4,7.24
ONGC Colony park,park,4.4,8.7
Vijay Park-3,park,4.3,7.86
Rajaji National Park Dehradun,park,4.2,18.87
Aekta Avenue park,park,3.8,8.34
Dana Pani Multicuisine Restaurant,restaurant,4.8,6.62
Black Pepper Restaurant,restaurant,4.6,6.38
Pind Balluchi Dehradun GMS Road,restaurant,4.7,6.28
The Queen's Cafe Restaurant,restaurant,4.6,2.11
Coco Osteria,restaurant,4.5,8.26
Karigari Dehradun,restaurant,4.7,8.34
Romeo Lane - DEHRADUN,restaurant,4.5,10.96
Babylon The Rooftop Kitchen,restaurant,4.9,6.61
Foresta Multi-Cuisine Restaurant,restaurant,4.3,12.81
Monsoon,restaurant,4.8,8.27
Pind Balluchi Restaurant & Bar Rajpur Road Dehradun,restaurant,4.7,9.72
Tipsy Alley – Premium Rooftop Bar & Dining Dehradun,restaurant,4.8,13.09
Otium Cookhouse Garden Cafe Restaurant & Bar,restaurant,4.4,11.27
ｓｏｓｏｒｕ - 唆る (Pan Asian Restaurant & Bar),restaurant,4.8,11.18
Afrikiko,restaurant,4.8,6.37
Basil Café & Restaurant,restaurant,4.8,5.46
Banaras Fine Dine and Lounge,restaurant,4,8.23
SUNSET- Kitchen| Wine| Beer,restaurant,4.1,6.76
Kalsang Restaurant - Mall of Dehradun,restaurant,4.7,1.91
PUBLIQ_DOON (देहरादून) The People's Place,restaurant,4.8,7.81
Orchard,restaurant,4.3,13.35
House of Nuttmeeg | Aesthetic & Best Vegetarian Restaurant Dehradun,restaurant,4.6,6.45
Countdown Restaurant Since 1984,restaurant,4.8,6.24
Kalsang Cafe and Restaurant,restaurant,4.4,8.28
THE TAWA RESTAURANT,restaurant,4.6,3.79
Lucknow Darbaar,restaurant,4.7,10.41
The Bend,restaurant,4.4,14.6
Barbeque Nation - GMS Road Dehradun,restaurant,4.7,6.75
Dalchini Restaurant,restaurant,4.6,5.48
Ramada Allen N Marlee's Rooftop Restaurant,restaurant,4.8,7.81
Mamagoto Dehradun,restaurant,4.2,5.03
Walk In Woods Restaurant,restaurant,4.3,8.26
Qua Restaurant&Bar,restaurant,4.8,7.37
ashnan Restaurant,restaurant,4.1,6.81
Salt N Pepper Restaurant,restaurant,4.6,1.35
Cure The Culinary Bar,restaurant,4.7,9.72
TOKYO GRILLS CAFE,restaurant,4.8,6.37
The Bambooz Restaurant Dehradun,restaurant,4,6.81
Tashi Restaurant,restaurant,4.6,6.28
Restaurant golden spoon,restaurant,4.7,6.44
Bawarchi Restaurant | Fine-Dine Restaurant ISBT,restaurant,4.1,6.63
MINISTRY OF DOON,restaurant,4.7,8.38
SAINO Restaurant Dehradun,restaurant,4.3,7.38
Bistro Mess,restaurant,4.9,6.6
Yangla Restaurant ༼དབྱངས་ལགས་ཀྱི་ཟ་ཁང་།༽,restaurant,4.7,6.26
Olive Greens,restaurant,4.6,2.66
Satwah Gourmet Dining,restaurant,4.7,6.35
Melt- Fine Dining Restaurant,restaurant,4.7,6.76
Aura Kitchen And Spirits,restaurant,4,6.97
CHILLIZ RESTRO,restaurant,4.4,3.87
Aerodine Restaurant,restaurant,4,8.32
Blue and Beyond Family Restaurant & Bar,restaurant,4.7,3.1
KIM CHI KOREAN CUISINE & CAFE ༼ཀྱིམ༌ཕྱི༌ཀོ༌རི༌ཡའི༌ཟ༌ཁང་།༽,restaurant,4.3,6.26
The Knightsbridge - Fine Dining and Family Restaurant,restaurant,4.9,7.12
Hotel NJ Portico,hotel,4,2.74
Hotel Siddharth Paradise,hotel,4.6,5.37
Vaibhav Hotel,hotel,4.6,6.72
Hotel Abhinandan Grand,hotel,3.6,5.53
Clarks Inn Dehradun,hotel,4.8,6.02
HOTEL SATYA,hotel,3.9,6.58
Hotel Park View Premium,hotel,4.1,6.37
Hotel Queens Pearl Inn,hotel,4.1,5.95
Hotel Galaxy,hotel,3.9,5.33
HOTEL PARADISE INN,hotel,4.4,6.56
Hotel Laxmi Palace,hotel,4.3,6.29
Hotel Doon Regency,hotel,4.1,5.35
Effotel By Sayaji Dehradun,hotel,4.2,6.57
Hotel chandraa celebrations,hotel,4.6,6.41
Hindwan's farms & resort,hotel,4.2,5.75
Hotel Shiv Kripa,hotel,3.9,5.69
Hotel Vishnu Inn,hotel,3.9,5.49
Hotel Doon,hotel,3.7,5.86
Hotel Kamla Palace,hotel,3.7,6.68
HOTEL pushpanjali residency,hotel,3.6,6.03
Lords Eco Inn Dehradun,hotel,4.6,6.0
Regenta Dehradun By Royal Orchid Hotels Ltd.,hotel,4.7,7.1
Hyatt Regency Dehradun Resort and Spa,hotel,4.6,13.91
GOKUL GRAND,hotel,4.1,5.06
Hotel The Bird Dehradun,hotel,4,2.7
Hotel Hill View,hotel,4,12.37
Le Amritam,hotel,4.3,5.81
Sumit Hotel,hotel,3.5,5.21
Tivoli Cititel,hotel,4,5.95
HOTEL RATAN PALACE,hotel,4.2,7.9
Spree Hotel Kriday - Rajpur Road Dehradun,hotel,4.5,10.29
Hyatt Centric Dehradun,hotel,4.3,10.37
Hotel Samrat Dehradun,hotel,3.6,5.04
Hotel Height View Residency - Best hotel in dehradun | Best budget hotel in dehradun,hotel,4.2,6.24
Hotel Saina Inn,hotel,4.3,6.76
Pleasant Tree Hotels - Destination Wedding in Dehradun,hotel,4.8,13.59
Hotel Viceroy Inn,hotel,4,6.03
The Luxe Cottages,hotel,4.8,13.89
Hotel Madhuban,hotel,4.1,7.41
The Solitaire Express,hotel,4,6.75
Townhouse Oak ONGC Crossway Formerly Hotel Gold Stone Comfort,hotel,4.1,8.82
Seyfert Sarovar Premiere,hotel,3.9,5.77
Hotel The Sands,hotel,3.9,6.85
Super Hotel O Tyagi Road near Railway Station,hotel,4.2,5.05
Cygnett Inn Paras,hotel,4.1,5.84
Hotel Royal Palm,hotel,4.6,10.99
Hotel Surya Residency,hotel,4,7.01
Hotel Shobha Palace,hotel,4,7.42
IMPREZA - Luxury Stays,hotel,4.4,6.36
Hotel Sukoon,hotel,4.1,5.39
Hotel Embassy Dehradun & The Trekkers Hostel,hotel,3.8,5.75
Hotel JSR Continental,hotel,4,2.51
The Hosteller Dehradun,hotel,4.8,7.64
LP Vilas,hotel,4.4,13.8
Hotel Chandra Grand,hotel,4.7,2.72
Hotel Parjaat Residency,hotel,4.1,11.73
Lemon Tree Hotel Dehradun,hotel,4.2,10.48
Hotel Pathik,hotel,3.8,6.44
Hotel The ONIX,hotel,3.9,6.23
Super Hotel O GMS Road Near Bus Stand Formerly Hotel O The Nest Gms Rd,hotel,3.3,6.67
The Landmark,landmark,4.5,6.81
Dehradun - Delhi Expy 🛣️,landmark,4.1,7.94
Major TB Rana Chowk,landmark,4.1,7.66
Shaheed Rohit Gurung Dwar,landmark,4.4,7.03
Doon Landmarks,landmark,4.9,6.67
Fountain Chowk Deeplok Colony Ballupur Road Dehradun,landmark,4.4,7.54
Balbhadra Khalanga Dwar Nalapani,landmark,4.4,6.97
Saheed Jagdamba Prashad Badoni Chowk,landmark,4.7,9.48
Sai Chauraha,landmark,5,5.95
Dehradun - Rishikesh - Haridwar Highway,landmark,4.8,2.66
Birpur chandmari ghangora dehradun uttrakhand,landmark,4.5,11.45
Amar Shahid Jeet Bahadur Thapa Dwaar,landmark,5,3.46
Kheda Baniyawala Arcadia Grant,landmark,4.1,11.28
GrassFarm Chowk Circle Badowala,landmark,4.1,10.22
Saklani Chowk,landmark,5,3.13
Saharanpur chowk ka bada khadda,landmark,4,5.99
Maharana pratap statue,landmark,4.3,5.24
Tikaram Chowk,landmark,4,3.82
Gusain Chowk,landmark,4.2,13.14
Jhandaji Darbar Sahib,landmark,4.6,5.96
Raipur Haveli,landmark,4.8,5.17
The Landmark,landmark,5,7.56
Lasyal chowk लसियाल चौक,landmark,4,7.16
Darshan lal chauk,landmark,5,5.94
SANSARI MATA CHOWK/ SAHEED SANJAY GURUNG MARG,landmark,5,1.17
New D block lane 4saraswati vihar Ajabpur khurd Dehradun,landmark,0.0,3.43
Landmark pg,landmark,0.0,6.26
Dehradun - Mussoorie Road,landmark,4.3,15.0
Dehradun sabji mandi tiraha,landmark,3.9,6.07
Hyderabad House The Doon School,landmark,4.6,7.56
Jaipur House The Doon School,landmark,4,7.28
69 ORIGNAL'S,landmark,0.0,7.23
Ambiwala Pond,landmark,3.3,13.82
Mallu House (Kothayalayam),landmark,5,17.74
Yusra da skool,landmark,5,3.52
Ghanta ghar,landmark,4.3,6.12
Behl Chowk,landmark,5,6.96
हरि बोल चौक,landmark,0.0,4.39
Saheed Mahesh Gurung dwar,landmark,0.0,3.33
Kotwal Dhan Singh Gurjar Chowk,landmark,0.0,9.96
Ithe bhoot hon da shk aa,landmark,0.0,8.96
Bakshi Estate,landmark,0.0,7.62
Awasthi landmark,landmark,0.0,9.9
Maniram Sir House,landmark,0.0,0.79
Bhagwan Aadinath Tiraha,landmark,0.0,5.18
ITALIAN WAR MEMORIAL,landmark,0.0,5.34
